condition_id,cell_row,also_match_slope,early_time_min,late_time_min,early_current_y,late_current_y,current_y_distance,slope_distance,early_target_10min,late_target_10min,late_minus_early_target
fgf_mixed_2-5ng,0,False,10.0,94.0,1.0484,1.0476,0.0007999999999999119,0.007000000000000006,1.0376,1.0515,0.013900000000000023
fgf_mixed_2-5ng,1,False,8.0,84.0,1.0608,1.0608,0.0,0.014449999999999963,1.0762,1.0798,0.0036000000000000476
fgf_mixed_2-5ng,3,False,12.0,74.0,1.1523,1.1492,0.0031000000000001027,0.013449999999999962,1.0743,1.1139,0.03959999999999986
fgf_mixed_2-5ng,4,False,12.0,96.0,1.1381,1.1384,0.000300000000000189,0.025150000000000006,1.1313,1.0395,-0.09179999999999988
fgf_mixed_2-5ng,5,False,6.0,68.0,1.0321,1.0323,0.00019999999999997797,0.011199999999999988,1.0681,1.0167,-0.05140000000000011
fgf_mixed_2-5ng,6,False,8.0,92.0,1.1054,1.1051,0.00029999999999996696,0.024150000000000116,1.1757,1.1003,-0.07539999999999991
fgf_mixed_2-5ng,7,False,6.0,76.0,1.0761,1.0772,0.0010999999999998789,0.03215000000000001,1.0736,1.0599,-0.013700000000000045
fgf_mixed_2-5ng,8,False,12.0,62.0,1.0317,1.0302,0.0015000000000000568,0.0013499999999999623,1.0057,1.0169,0.011199999999999877
fgf_mixed_2-5ng,9,False,6.0,66.0,1.0974,1.0959,0.0014999999999998348,0.029849999999999932,1.1013,1.0944,-0.006899999999999906
fgf_mixed_2-5ng,10,False,10.0,74.0,1.1202,1.1202,0.0,0.008549999999999947,1.0096,1.0713,0.061699999999999866
fgf_mixed_2-5ng,11,False,6.0,94.0,1.1498,1.15,0.00019999999999997797,0.005549999999999944,1.0854,1.0838,-0.0015999999999998238
fgf_mixed_2-5ng,12,False,8.0,102.0,1.0345,1.0376,0.0031000000000001027,0.011499999999999955,1.0539,1.0323,-0.021600000000000064
fgf_mixed_2-5ng,13,False,6.0,80.0,1.1365,1.1365,0.0,0.0656500000000001,1.1123,1.1295,0.017199999999999882
fgf_mixed_2-5ng,14,False,6.0,64.0,1.1558,1.1577,0.0019000000000000128,0.05579999999999996,1.0726,1.1053,0.03269999999999995
fgf_mixed_2-5ng,15,False,6.0,66.0,1.0947,1.0969,0.0021999999999999797,0.04531000000000002,1.0361,1.0993,0.06319999999999992
fgf_mixed_2-5ng,16,False,12.0,94.0,1.1276,1.1273,0.00029999999999996696,0.014050000000000118,1.0391,1.0843,0.04520000000000013
fgf_mixed_2-5ng,18,False,12.0,90.0,1.0916,1.0915,9.999999999998899e-05,0.010199999999999987,1.0134,1.0972,0.08379999999999987
fgf_mixed_2-5ng,20,False,6.0,92.0,1.0858,1.0864,0.0005999999999999339,0.01805000000000001,1.1286,1.1022,-0.02639999999999998
fgf_mixed_2-5ng,21,False,12.0,58.0,1.203,1.2016,0.0014000000000000679,0.014349999999999974,1.1986,1.2007,0.0020999999999999908
fgf_mixed_2-5ng,22,False,6.0,90.0,1.0763,1.0743,0.0020000000000000018,0.004549999999999943,1.1436,1.0581,-0.08549999999999991
fgf_mixed_2-5ng,23,False,12.0,98.0,1.1211,1.1196,0.0015000000000000568,0.03269999999999995,1.0764,0.99112,-0.08528000000000002
fgf_mixed_2-5ng,24,False,10.0,68.0,1.1499,1.1488,0.0010999999999998789,0.011050000000000115,1.0688,1.1256,0.05679999999999996
fgf_mixed_2-5ng,29,False,12.0,62.0,1.1338,1.1338,0.0,0.012749999999999928,1.1042,1.1131,0.008899999999999908
fgf_mixed_2-5ng,30,False,6.0,94.0,0.99798,0.99828,0.00029999999999996696,0.002344999999999986,1.041,1.0082,-0.03279999999999994
fgf_mixed_2-5ng,32,False,6.0,68.0,1.0704,1.0704,0.0,0.028149999999999897,1.058,1.0456,-0.012399999999999967
fgf_mixed_2-5ng,33,False,6.0,96.0,1.1329,1.1327,0.00019999999999997797,0.041850000000000054,1.1161,1.1159,-0.00020000000000020002
fgf_mixed_2-5ng,34,False,6.0,74.0,1.0794,1.0797,0.000300000000000189,0.039499999999999924,1.0389,1.0668,0.027900000000000036
fgf_mixed_2-5ng,35,False,6.0,86.0,1.0811,1.0795,0.0016000000000000458,0.03644999999999998,1.0522,1.0469,-0.005300000000000082
fgf_mixed_2-5ng,36,False,12.0,92.0,1.0571,1.0575,0.000400000000000178,0.02200000000000013,1.0075,1.0411,0.03359999999999985
fgf_mixed_2-5ng,37,False,12.0,94.0,1.1021,1.1016,0.000500000000000167,0.03734999999999988,1.0794,1.0844,0.0050000000000001155
fgf_mixed_2-5ng,38,False,12.0,90.0,1.052,1.0514,0.000600000000000156,0.006049999999999889,1.0112,1.0552,0.04399999999999982
fgf_mixed_2-5ng,41,False,12.0,60.0,1.1315,1.1318,0.00029999999999996696,0.002650000000000041,1.1272,1.1431,0.015900000000000025
fgf_mixed_2-5ng,42,False,10.0,82.0,1.1886,1.1889,0.00029999999999996696,0.01254999999999995,1.0978,1.149,0.05119999999999991
fgf_mixed_2-5ng,43,False,12.0,88.0,1.1048,1.1048,0.0,0.011350000000000082,1.0763,1.0962,0.01990000000000003
fgf_mixed_2-5ng,44,False,12.0,68.0,1.1528,1.1517,0.001100000000000101,0.016649999999999943,1.0833,0.96763,-0.11566999999999994
fgf_mixed_2-5ng,45,False,12.0,62.0,1.118,1.1209,0.0028999999999999027,0.028349999999999986,1.0499,1.0947,0.04479999999999995
fgf_mixed_2-5ng,47,False,10.0,62.0,1.1284,1.1287,0.00029999999999996696,0.007499999999999951,1.0547,1.0941,0.0394000000000001
fgf_mixed_2-5ng,48,False,12.0,96.0,1.0623,1.0622,9.999999999998899e-05,0.004850000000000021,1.0418,1.0672,0.025399999999999867
fgf_mixed_2-5ng,49,False,10.0,58.0,1.149,1.1523,0.0033000000000000806,0.010600000000000054,1.0955,1.1373,0.04180000000000006
fgf_mixed_2-5ng,50,False,12.0,62.0,1.0838,1.0825,0.0013000000000000789,0.012599999999999945,1.0358,1.0465,0.010699999999999932
fgf_mixed_2-5ng,51,False,6.0,78.0,1.0705,1.0706,9.999999999998899e-05,0.02664999999999995,1.0538,1.0378,-0.016000000000000014
fgf_mixed_2-5ng,52,False,12.0,58.0,1.0649,1.065,9.999999999998899e-05,0.020000000000000018,1.016,1.0774,0.0613999999999999
fgf_mixed_2-5ng,53,False,10.0,68.0,1.0687,1.0686,9.999999999998899e-05,0.007699999999999929,1.0388,1.0584,0.019600000000000062
fgf_mixed_2-5ng,54,False,10.0,92.0,1.1299,1.1299,0.0,0.007199999999999984,1.0524,1.1308,0.07840000000000003
fgf_mixed_2-5ng,55,False,8.0,74.0,1.088,1.0889,0.0008999999999999009,0.004150000000000098,1.0429,1.1096,0.06669999999999998
fgf_mixed_2-5ng,56,False,6.0,64.0,1.0316,1.0328,0.0011999999999998678,0.008700000000000041,1.0303,1.0023,-0.028000000000000025
fgf_mixed_2-5ng,58,False,6.0,84.0,1.1393,1.1382,0.0010999999999998789,0.010999999999999899,1.1364,1.1367,0.00029999999999996696
fgf_mixed_2-5ng,59,False,10.0,78.0,1.0183,1.0179,0.00039999999999995595,0.014950000000000019,0.99518,1.0209,0.025719999999999965
fgf_mixed_2-5ng,60,False,12.0,62.0,1.1047,1.1018,0.0029000000000001247,0.025349999999999873,1.0391,1.0677,0.02860000000000018
fgf_mixed_2-5ng,64,False,8.0,84.0,1.1347,1.1342,0.0004999999999999449,0.01934999999999998,1.0738,1.1181,0.044300000000000006
fgf_mixed_2-5ng,66,False,12.0,60.0,1.0744,1.0747,0.00029999999999996696,0.008349999999999969,1.0368,1.055,0.018199999999999994
fgf_mixed_2-5ng,68,False,10.0,66.0,1.07,1.07,0.0,0.01924999999999999,1.0392,1.0561,0.016900000000000137
fgf_mixed_2-5ng,69,False,12.0,102.0,1.0166,1.0198,0.0032000000000000917,0.03544999999999998,1.0009,1.039,0.03810000000000002
fgf_mixed_2-5ng,71,False,6.0,64.0,1.0518,1.0524,0.0005999999999999339,0.011050000000000004,1.0372,1.0414,0.004200000000000204
fgf_mixed_2-5ng,72,False,12.0,72.0,1.055,1.055,0.0,0.007099999999999995,1.0139,1.0518,0.037900000000000045
fgf_mixed_2-5ng,73,False,10.0,78.0,1.0909,1.0928,0.0019000000000000128,0.014700000000000046,1.0073,1.0606,0.0532999999999999
fgf_mixed_2-5ng,74,False,8.0,84.0,1.1286,1.1284,0.00019999999999997797,0.003249999999999975,1.0743,1.1149,0.04059999999999997
fgf_mixed_2-5ng,75,False,12.0,76.0,1.093,1.0934,0.00039999999999995595,0.02564999999999995,0.99459,1.1127,0.11811000000000005
fgf_mixed_2-5ng,76,False,12.0,68.0,1.0963,1.0925,0.0038000000000000256,0.030249999999999888,0.97881,1.061,0.08218999999999999
fgf_mixed_2-5ng,77,False,6.0,60.0,1.0002,1.0002,0.0,0.006900000000000017,1.0001,1.0003,0.00019999999999997797
fgf_mixed_2-5ng,4,True,12.0,68.0,1.1381,1.1349,0.0031999999999998696,0.0013999999999999568,1.1313,1.1563,0.025000000000000133
fgf_mixed_2-5ng,6,True,8.0,86.0,1.1054,1.1093,0.0039000000000000146,0.000500000000000056,1.1757,1.1444,-0.031299999999999883
fgf_mixed_2-5ng,8,True,12.0,62.0,1.0317,1.0302,0.0015000000000000568,0.0013499999999999623,1.0057,1.0169,0.011199999999999877
fgf_mixed_2-5ng,11,True,10.0,90.0,1.1252,1.1278,0.0025999999999999357,0.0010499999999999954,1.0626,1.0801,0.01750000000000007
fgf_mixed_2-5ng,23,True,6.0,56.0,1.0951,1.0984,0.0033000000000000806,0.0017000000000000348,1.1127,1.1229,0.010199999999999987
fgf_mixed_2-5ng,30,True,10.0,96.0,1.0018,1.0014,0.00039999999999995595,0.0013899999999999468,1.0307,1.0158,-0.014899999999999913
fgf_mixed_2-5ng,38,True,12.0,98.0,1.052,1.0541,0.0020999999999999908,0.0006000000000000449,1.0112,1.0406,0.02939999999999987
fgf_mixed_2-5ng,42,True,10.0,72.0,1.1886,1.1842,0.0044000000000001815,0.0019500000000001183,1.0978,1.1889,0.09109999999999996
fgf_mixed_2-5ng,47,True,8.0,96.0,1.1376,1.1391,0.0015000000000000568,0.0017500000000000293,1.0396,1.1249,0.08529999999999993
fgf_mixed_2-5ng,54,True,10.0,72.0,1.1299,1.1301,0.00020000000000020002,0.00039999999999995595,1.0524,1.1449,0.09250000000000003
fgf_mixed_2-5ng,55,True,10.0,100.0,1.0833,1.0868,0.0035000000000000586,0.0013999999999999568,1.0426,1.0684,0.025800000000000045
fgf_mixed_2-5ng,58,True,8.0,96.0,1.148,1.1444,0.0035999999999998256,0.0004999999999999449,1.1488,1.0588,-0.09000000000000008
fgf_mixed_2-5ng,64,True,10.0,86.0,1.1234,1.1227,0.0006999999999999229,9.999999999998899e-05,1.0804,1.111,0.03059999999999996
fgf_mixed_2-5ng,77,True,8.0,60.0,1.0001,1.0002,9.999999999998899e-05,0.0,1.0001,1.0003,0.00019999999999997797
fgf_mixed_250ng,0,False,12.0,76.0,1.084,1.0844,0.00039999999999995595,0.016000000000000014,1.0542,1.1086,0.054400000000000004
fgf_mixed_250ng,1,False,12.0,64.0,1.0348,1.0348,0.0,0.0020000000000000018,1.0193,1.0618,0.04249999999999998
fgf_mixed_250ng,2,False,12.0,78.0,1.0273,1.0251,0.002200000000000202,0.00914999999999988,1.0028,1.0224,0.019600000000000062
fgf_mixed_250ng,3,False,12.0,102.0,1.1708,1.1685,0.0022999999999999687,0.033500000000000085,1.1038,1.1036,-0.00019999999999997797
fgf_mixed_250ng,4,False,6.0,86.0,1.0985,1.0988,0.00029999999999996696,0.025249999999999995,0.99939,1.0856,0.0862099999999999
fgf_mixed_250ng,5,False,8.0,98.0,1.0747,1.0741,0.0005999999999999339,0.011050000000000115,1.0508,1.0775,0.026699999999999946
fgf_mixed_250ng,6,False,10.0,68.0,1.0504,1.0492,0.0012000000000000899,0.004000000000000115,1.0804,1.0615,-0.018899999999999917
fgf_mixed_250ng,7,False,10.0,76.0,1.0112,1.0117,0.0004999999999999449,0.0015999999999999348,1.0291,1.0242,-0.004899999999999904
fgf_mixed_250ng,8,False,10.0,84.0,1.0101,1.0116,0.0015000000000000568,0.025399999999999978,1.0328,1.0298,-0.0029999999999998916
fgf_mixed_250ng,10,False,12.0,56.0,1.0088,1.0081,0.0006999999999999229,0.006750000000000034,1.0624,1.0596,-0.0027999999999999137
fgf_mixed_250ng,11,False,12.0,98.0,1.1042,1.1055,0.0012999999999998568,0.027549999999999963,1.0993,1.1109,0.011600000000000055
fgf_mixed_250ng,12,False,10.0,62.0,1.0355,1.0358,0.00029999999999996696,0.023249999999999993,1.0275,1.0318,0.0042999999999999705
fgf_mixed_250ng,14,False,6.0,96.0,1.0964,1.0966,0.00019999999999997797,0.035150000000000015,1.0285,1.0899,0.06140000000000012
fgf_mixed_250ng,15,False,6.0,100.0,1.0375,1.0377,0.00019999999999997797,0.027550000000000074,1.0058,1.0256,0.01980000000000004
fgf_mixed_250ng,16,False,12.0,88.0,1.0546,1.0548,0.00019999999999997797,0.015050000000000008,1.0665,1.0512,-0.015300000000000091
fgf_mixed_250ng,17,False,12.0,78.0,1.0489,1.0501,0.0012000000000000899,0.005600000000000049,1.041,1.0599,0.01890000000000014
fgf_mixed_250ng,18,False,12.0,94.0,1.0565,1.0564,9.999999999998899e-05,0.026900000000000035,1.0568,1.0534,-0.0034000000000000696
fgf_mixed_250ng,19,False,10.0,84.0,1.0876,1.0874,0.00019999999999997797,0.02915000000000001,1.081,1.0864,0.005400000000000071
fgf_mixed_250ng,20,False,12.0,80.0,1.11,1.1111,0.0010999999999998789,0.01574999999999993,1.1446,1.1069,-0.03770000000000007
fgf_mixed_250ng,21,False,12.0,92.0,1.0737,1.0731,0.000600000000000156,0.012049999999999894,1.0772,1.0151,-0.062100000000000044
fgf_mixed_250ng,22,False,8.0,56.0,1.04,1.0401,9.999999999998899e-05,0.033499999999999974,1.0316,1.0625,0.030899999999999928
fgf_mixed_250ng,23,False,10.0,84.0,1.0796,1.0812,0.0016000000000000458,0.028350000000000097,1.0353,1.0564,0.021099999999999897
fgf_mixed_250ng,24,False,12.0,72.0,1.1587,1.16,0.0012999999999998568,0.006449999999999956,1.049,1.1179,0.06889999999999996
fgf_mixed_250ng,25,False,12.0,66.0,1.0513,1.0495,0.0017999999999998018,0.025050000000000017,1.1546,1.0744,-0.08020000000000005
fgf_mixed_250ng,26,False,10.0,64.0,1.1278,1.1278,0.0,0.027750000000000052,1.1338,1.0754,-0.05840000000000001
fgf_mixed_250ng,27,False,12.0,78.0,1.0607,1.0604,0.00029999999999996696,0.01440000000000008,1.1089,1.0822,-0.026699999999999946
fgf_mixed_250ng,28,False,6.0,76.0,1.163,1.1624,0.0005999999999999339,0.009250000000000091,1.155,1.1183,-0.036699999999999955
fgf_mixed_250ng,29,False,10.0,84.0,1.0892,1.0869,0.0022999999999999687,0.02970000000000006,1.1372,1.107,-0.030200000000000005
fgf_mixed_250ng,30,False,10.0,84.0,1.1429,1.1429,0.0,0.026650000000000063,1.1538,1.0942,-0.059599999999999875
fgf_mixed_250ng,31,False,10.0,66.0,1.1017,1.1018,9.999999999998899e-05,0.035499999999999976,1.0892,1.063,-0.0262
fgf_mixed_250ng,32,False,12.0,76.0,1.0518,1.0503,0.0015000000000000568,0.009849999999999914,1.0979,1.0066,-0.09130000000000016
fgf_mixed_250ng,34,False,12.0,96.0,1.0643,1.0641,0.00019999999999997797,0.05635000000000001,1.0733,1.0371,-0.03620000000000001
fgf_mixed_250ng,35,False,8.0,94.0,0.95316,0.95296,0.00019999999999997797,0.010139999999999982,0.92149,0.96485,0.043359999999999954
fgf_mixed_250ng,36,False,10.0,76.0,1.0525,1.0529,0.00039999999999995595,0.0018999999999999018,1.0543,1.049,-0.005300000000000082
fgf_mixed_250ng,37,False,12.0,98.0,1.0524,1.0522,0.00019999999999997797,0.0020999999999999908,1.0289,1.0562,0.027300000000000102
fgf_mixed_250ng,38,False,8.0,96.0,1.1156,1.1155,9.999999999998899e-05,0.02155000000000007,1.0606,1.0458,-0.014799999999999924
fgf_mixed_250ng,39,False,10.0,74.0,1.1115,1.1113,0.00019999999999997797,0.006299999999999972,1.1149,1.1047,-0.010199999999999987
fgf_mixed_250ng,40,False,12.0,102.0,1.0569,1.0568,9.999999999998899e-05,0.0022000000000000908,1.0399,1.0603,0.020399999999999974
fgf_mixed_250ng,41,False,12.0,82.0,1.0092,1.0096,0.00039999999999995595,0.0010000000000000009,1.0494,1.0407,-0.008700000000000152
fgf_mixed_250ng,42,False,12.0,62.0,1.0187,1.0187,0.0,0.013349999999999973,1.0547,1.0615,0.006800000000000139
fgf_mixed_250ng,43,False,12.0,90.0,1.0727,1.072,0.0006999999999999229,0.024349999999999983,1.0921,1.0588,-0.03330000000000011
fgf_mixed_250ng,44,False,6.0,64.0,1.1134,1.1118,0.0016000000000000458,0.01364999999999994,1.164,1.0326,-0.13139999999999996
fgf_mixed_250ng,46,False,8.0,72.0,1.0654,1.0657,0.000300000000000189,0.006450000000000178,1.0909,1.0767,-0.01419999999999999
fgf_mixed_250ng,47,False,10.0,88.0,1.0438,1.0435,0.00029999999999996696,0.015100000000000002,1.1082,1.0596,-0.04859999999999998
fgf_mixed_250ng,48,False,8.0,62.0,1.0977,1.0952,0.0024999999999999467,0.02564999999999995,1.1143,1.0502,-0.06410000000000005
fgf_mixed_250ng,50,False,12.0,70.0,1.0736,1.0735,0.00010000000000021103,0.0042999999999998595,1.0907,1.0525,-0.03820000000000001
fgf_mixed_250ng,51,False,6.0,58.0,1.0061,1.0049,0.0012000000000000899,0.006550000000000111,1.0169,1.0268,0.00990000000000002
fgf_mixed_250ng,52,False,8.0,64.0,1.0726,1.0717,0.0008999999999999009,0.03380000000000005,1.117,1.0322,-0.08479999999999999
fgf_mixed_250ng,53,False,6.0,66.0,1.1024,1.1027,0.00029999999999996696,0.01870000000000005,1.1292,1.0502,-0.07899999999999996
fgf_mixed_250ng,54,False,6.0,86.0,0.99998,0.99742,0.0025600000000000067,0.018929999999999947,1.0207,1.0322,0.011500000000000066
fgf_mixed_250ng,56,False,10.0,80.0,1.1026,1.1029,0.00029999999999996696,0.01529999999999998,1.0998,1.1022,0.0023999999999999577
fgf_mixed_250ng,57,False,10.0,60.0,1.0311,1.0315,0.000400000000000178,0.004350000000000076,1.0139,1.0464,0.03249999999999997
fgf_mixed_250ng,58,False,10.0,88.0,1.0435,1.0453,0.0017999999999998018,0.013149999999999995,1.0423,1.0479,0.005600000000000049
fgf_mixed_250ng,59,False,8.0,90.0,1.0407,1.041,0.00029999999999996696,0.006049999999999889,1.0045,1.0333,0.02880000000000016
fgf_mixed_250ng,60,False,8.0,90.0,1.1021,1.1019,0.00019999999999997797,0.01200000000000001,1.1095,1.0919,-0.017599999999999838
fgf_mixed_250ng,62,False,10.0,60.0,1.0272,1.0247,0.0024999999999999467,0.003249999999999975,1.0426,1.057,0.014399999999999968
fgf_mixed_250ng,63,False,10.0,70.0,1.0793,1.0784,0.0008999999999999009,0.0182500000000001,1.1459,1.0737,-0.07219999999999982
fgf_mixed_250ng,64,False,12.0,66.0,1.0692,1.0698,0.000600000000000156,0.024950000000000028,1.0478,1.0622,0.014399999999999968
fgf_mixed_250ng,65,False,8.0,72.0,1.0886,1.0896,0.0009999999999998899,0.034599999999999964,1.1473,1.08,-0.06729999999999992
fgf_mixed_250ng,66,False,12.0,76.0,1.0444,1.0446,0.00019999999999997797,0.010750000000000037,1.162,1.076,-0.08599999999999985
fgf_mixed_250ng,67,False,6.0,66.0,1.1095,1.1085,0.0009999999999998899,0.048799999999999955,1.1124,1.0526,-0.059800000000000075
fgf_mixed_250ng,68,False,6.0,94.0,1.1171,1.1177,0.0005999999999999339,0.023249999999999993,1.0969,1.1145,0.01760000000000006
fgf_mixed_250ng,69,False,12.0,80.0,1.1245,1.1234,0.001100000000000101,0.03809999999999991,1.1756,1.056,-0.11959999999999993
fgf_mixed_250ng,70,False,12.0,60.0,1.0995,1.1005,0.001000000000000112,0.0454500000000001,1.1357,1.0763,-0.0593999999999999
fgf_mixed_250ng,71,False,12.0,98.0,1.0787,1.0797,0.001000000000000112,0.01045000000000007,1.1058,1.0806,-0.02519999999999989
fgf_mixed_250ng,72,False,12.0,64.0,1.0757,1.0782,0.0024999999999999467,0.015049999999999897,1.0904,1.0604,-0.030000000000000027
fgf_mixed_250ng,73,False,6.0,66.0,1.1266,1.1265,9.999999999998899e-05,0.0786,1.1673,1.0902,-0.07709999999999995
fgf_mixed_250ng,74,False,8.0,94.0,1.0383,1.0387,0.00039999999999995595,0.01319999999999999,1.0602,1.0224,-0.037800000000000056
fgf_mixed_250ng,75,False,6.0,58.0,1.0005,1.0005,0.0,0.017299999999999982,1.0002,1.0004,0.00019999999999997797
fgf_mixed_250ng,4,True,8.0,88.0,1.0954,1.0977,0.0022999999999999687,0.0010000000000000009,1.0107,1.0768,0.06610000000000005
fgf_mixed_250ng,7,True,10.0,76.0,1.0112,1.0117,0.0004999999999999449,0.0015999999999999348,1.0291,1.0242,-0.004899999999999904
fgf_mixed_250ng,14,True,8.0,74.0,1.107,1.1092,0.0021999999999999797,0.0018500000000000183,1.0256,1.0827,0.05709999999999993
fgf_mixed_250ng,15,True,10.0,78.0,1.0273,1.029,0.0016999999999998128,0.0015000000000000568,1.0207,1.0262,0.00550000000000006
fgf_mixed_250ng,19,True,10.0,94.0,1.0876,1.0864,0.0011999999999998678,0.0005500000000000504,1.081,1.0811,9.999999999998899e-05
fgf_mixed_250ng,22,True,12.0,96.0,1.0021,1.0044,0.0022999999999999687,4.999999999999449e-05,1.0326,1.0231,-0.009500000000000064
fgf_mixed_250ng,27,True,12.0,90.0,1.0607,1.0597,0.0009999999999998899,0.0013499999999999623,1.1089,1.0661,-0.04279999999999995
fgf_mixed_250ng,28,True,8.0,70.0,1.1456,1.1416,0.0040000000000000036,4.999999999999449e-05,1.1817,1.1393,-0.04239999999999999
fgf_mixed_250ng,35,True,6.0,68.0,0.97676,0.97613,0.0006299999999999084,0.0012349999999999306,0.91868,0.97576,0.05707999999999991
fgf_mixed_250ng,36,True,10.0,76.0,1.0525,1.0529,0.00039999999999995595,0.0018999999999999018,1.0543,1.049,-0.005300000000000082
fgf_mixed_250ng,38,True,12.0,72.0,1.0691,1.0695,0.00039999999999995595,0.0005999999999999339,1.0521,1.0396,-0.012499999999999956
fgf_mixed_250ng,39,True,12.0,74.0,1.1104,1.1113,0.0008999999999999009,0.00019999999999986695,1.1135,1.1047,-0.008799999999999919
fgf_mixed_250ng,41,True,12.0,82.0,1.0092,1.0096,0.00039999999999995595,0.0010000000000000009,1.0494,1.0407,-0.008700000000000152
fgf_mixed_250ng,47,True,12.0,80.0,1.0315,1.0335,0.0020000000000000018,0.0017500000000000293,1.0915,1.0602,-0.031299999999999883
fgf_mixed_250ng,51,True,8.0,56.0,1.0012,1.0031,0.0019000000000000128,0.0010000000000000009,1.0306,1.0412,0.010599999999999943
fgf_mixed_250ng,74,True,10.0,90.0,1.0489,1.047,0.0019000000000000128,0.00034999999999996145,1.0635,1.0123,-0.05119999999999991
fgf_mixed_250ng,75,True,10.0,78.0,1.0002,1.0003,9.999999999998899e-05,4.999999999999449e-05,1.0001,1.0004,0.00029999999999996696
